[{
  "_id": {
    "$oid": "60afcff13f319427446004c1"
  },
  "issend": "1",
  "id_user": "60afbb3c6e9c202868e230bf",
  "products": [
    {
      "release_date": {
        "$date": "2021-05-27T00:00:00Z"
      },
      "describe": "mieu ta nè",
      "_id": "60afbf783f319427446004ba",
      "id_category": "60abb5933be8d82674051ca3",
      "name": "Lấy Nước Đường Xa",
      "price": 25000,
      "img": "https://res.cloudinary.com/ilike/image/upload/v1622130554/cf7iv1zdiho7tyeszvnh.jpg",
      "id_nsx": "60abb5b13be8d82674051ca7",
      "count": 6
    },
    {
      "release_date": {
        "$date": "2021-05-24T00:00:00Z"
      },
      "describe": "mieu ta ne",
      "_id": "60abb72c33f9b833f8fdb07b",
      "id_category": "60abb5933be8d82674051ca3",
      "name": "Thiên Quan Tứ Chúc",
      "price": 20000,
      "img": "https://res.cloudinary.com/ilike/image/upload/v1622129913/pxpnfrosnpneoomm9gft.jpg",
      "id_nsx": "60abb5b13be8d82674051ca7",
      "count": 3
    }
  ],
  "address": "Hà Nội Việt Nam",
  "phone": "01234567891",
  "name": "Nguyễn Văn A",
  "total": 210000,
  "date": {
    "$date": "2021-05-27T16:59:29.851Z"
  },
  "__v": 0
},{
  "_id": {
    "$oid": "60afd0093f319427446004c3"
  },
  "issend": "1",
  "id_user": "60afbb3c6e9c202868e230bf",
  "products": [
    {
      "release_date": {
        "$date": "2021-05-25T00:00:00Z"
      },
      "describe": "mieu ta nè",
      "_id": "60afc0c23f319427446004bd",
      "id_category": "60abb59e3be8d82674051ca4",
      "name": "Chêt Chóc",
      "price": 150000,
      "img": "https://res.cloudinary.com/ilike/image/upload/v1622130883/j1dkqfhq9pa95l5qq1yh.jpg",
      "id_nsx": "60abb5b13be8d82674051ca7",
      "count": 4
    }
  ],
  "address": "Hà Nội Việt Nam",
  "phone": "01234567891",
  "name": "Nguyễn Văn A",
  "total": 600000,
  "date": {
    "$date": "2021-05-27T16:59:53.761Z"
  },
  "__v": 0
},{
  "_id": {
    "$oid": "60afd0223f319427446004c5"
  },
  "issend": "1",
  "id_user": "60afbb3c6e9c202868e230bf",
  "products": [
    {
      "release_date": {
        "$date": "2021-05-21T00:00:00Z"
      },
      "describe": "mieu ta nè",
      "_id": "60afbecc3f319427446004b9",
      "id_category": "60abb5933be8d82674051ca3",
      "name": "Ngày Mai Có Một Bắt Đầu",
      "price": 90000,
      "img": "https://res.cloudinary.com/ilike/image/upload/v1622130382/cr4rfkd6ktbsusgr4lc7.jpg",
      "id_nsx": "60abb5b53be8d82674051ca8",
      "count": 3
    },
    {
      "release_date": {
        "$date": "2021-05-19T00:00:00Z"
      },
      "describe": "mieu ta nè",
      "_id": "60afbe9e3f319427446004b8",
      "id_category": "60abb5933be8d82674051ca3",
      "name": "Những Giấc Mơ Ở Hiệu Sách  Morisaki",
      "price": 75000,
      "img": "https://res.cloudinary.com/ilike/image/upload/v1622130333/krwdt7lem99rd9gsorpj.jpg",
      "id_nsx": "60abb5b13be8d82674051ca7",
      "count": 1
    }
  ],
  "address": "Hà Nội Việt Nam",
  "phone": "01234567891",
  "name": "Nguyễn Văn A",
  "total": 345000,
  "date": {
    "$date": "2021-05-27T17:00:18.228Z"
  },
  "__v": 0
},{
  "_id": {
    "$oid": "60afd51cf23af73ab07df682"
  },
  "issend": "1",
  "id_user": "60afbb5c6e9c202868e230c0",
  "products": [
    {
      "release_date": {
        "$date": "2021-05-26T00:00:00Z"
      },
      "describe": "miue tả nè",
      "_id": "60afc0eb3f319427446004be",
      "id_category": "60abb59e3be8d82674051ca4",
      "name": "Nếu Một Ngày Cậu Rời Xa",
      "price": 200000,
      "img": "https://res.cloudinary.com/ilike/image/upload/v1622130924/ig2iet6x1wlqw8fkzx9u.jpg",
      "id_nsx": "60abb5b53be8d82674051ca8",
      "count": 2
    }
  ],
  "address": "Hà Nội Việt Nam",
  "phone": "01234567891",
  "name": "Nguyễn Văn A",
  "total": 400000,
  "date": {
    "$date": "2021-05-27T17:21:32.620Z"
  },
  "__v": 0
},{
  "_id": {
    "$oid": "60afd5abf23af73ab07df686"
  },
  "issend": "1",
  "id_user": "60afbb5c6e9c202868e230c0",
  "products": [
    {
      "release_date": {
        "$date": "2021-05-27T00:00:00Z"
      },
      "describe": "mieu ta nè",
      "_id": "60afbf783f319427446004ba",
      "id_category": "60abb5933be8d82674051ca3",
      "name": "Lấy Nước Đường Xa",
      "price": 25000,
      "img": "https://res.cloudinary.com/ilike/image/upload/v1622130554/cf7iv1zdiho7tyeszvnh.jpg",
      "id_nsx": "60abb5b13be8d82674051ca7",
      "count": 1
    }
  ],
  "address": "Hà Nội Việt Nam",
  "phone": "01234567891",
  "name": "Nguyễn Văn A",
  "total": 25000,
  "date": {
    "$date": "2021-05-27T17:23:55.066Z"
  },
  "__v": 0
},{
  "_id": {
    "$oid": "60b052e54ba6ec177c94a116"
  },
  "issend": "1",
  "id_user": "60b052ce4ba6ec177c94a114",
  "products": [
    {
      "release_date": {
        "$date": "2021-05-27T00:00:00Z"
      },
      "describe": "mieu ta nè",
      "_id": "60afbf783f319427446004ba",
      "id_category": "60abb5933be8d82674051ca3",
      "name": "Lấy Nước Đường Xa",
      "price": 25000,
      "img": "https://res.cloudinary.com/ilike/image/upload/v1622130554/cf7iv1zdiho7tyeszvnh.jpg",
      "id_nsx": "60abb5b13be8d82674051ca7",
      "count": 1
    }
  ],
  "address": "Hà Nội Việt Nam",
  "phone": "01234567891",
  "name": "Nguyễn Văn A",
  "total": 25000,
  "date": {
    "$date": "2021-05-28T02:18:13.569Z"
  },
  "__v": 0
},{
  "_id": {
    "$oid": "60b053208f166f0abc40124b"
  },
  "issend": "1",
  "id_user": "60b052ce4ba6ec177c94a114",
  "products": [
    {
      "release_date": {
        "$date": "2021-05-26T00:00:00Z"
      },
      "describe": "miue tả nè",
      "_id": "60afc0eb3f319427446004be",
      "id_category": "60abb59e3be8d82674051ca4",
      "name": "Nếu Một Ngày Cậu Rời Xa",
      "price": 200000,
      "img": "https://res.cloudinary.com/ilike/image/upload/v1622130924/ig2iet6x1wlqw8fkzx9u.jpg",
      "id_nsx": "60abb5b53be8d82674051ca8",
      "count": 1
    }
  ],
  "address": "Hà Nội Việt Nam",
  "phone": "01234567891",
  "name": "Nguyễn Văn A",
  "total": 200000,
  "token": "3E9bLL2plXWc3RIChTK7Anpd0BJTZjY4",
  "date": {
    "$date": "2021-05-28T02:19:12.677Z"
  },
  "__v": 0
},{
  "_id": {
    "$oid": "60b06ae36849ea33fcc41355"
  },
  "issend": "99",
  "id_user": "60b0555e4e7f6b06408edb98",
  "products": [
    {
      "release_date": {
        "$date": "2021-05-27T00:00:00Z"
      },
      "describe": "mieu ta nè",
      "_id": "60afbf783f319427446004ba",
      "id_category": "60abb5933be8d82674051ca3",
      "name": "Lấy Nước Đường Xa",
      "price": 25000,
      "img": "https://res.cloudinary.com/ilike/image/upload/v1622130554/cf7iv1zdiho7tyeszvnh.jpg",
      "id_nsx": "60abb5b13be8d82674051ca7",
      "count": 2
    }
  ],
  "address": "Hà Nội Việt Nam",
  "phone": "01234567891",
  "name": "Nguyễn Văn A",
  "total": 50000,
  "token": "gwHjslVvFnpmrbWevUrWWQTTreuZDj9S",
  "date": {
    "$date": "2021-05-28T04:00:35.129Z"
  },
  "__v": 0
},{
  "_id": {
    "$oid": "60b06c336849ea33fcc41359"
  },
  "issend": "1",
  "id_user": "60b0555e4e7f6b06408edb98",
  "products": [
    {
      "release_date": {
        "$date": "2021-05-26T00:00:00Z"
      },
      "describe": "miêu tả nè",
      "_id": "60afc0a03f319427446004bc",
      "id_category": "60abb5933be8d82674051ca3",
      "name": "Yêu Em Từ Cái Nhìn Đâu Tiên",
      "price": 88000,
      "img": "https://res.cloudinary.com/ilike/image/upload/v1622130849/urmgkkg1wn0ekmwsrj9n.jpg",
      "id_nsx": "60abb5b53be8d82674051ca8",
      "count": 2
    }
  ],
  "address": "Hà Nội Việt Nam",
  "phone": "01234567891",
  "name": "Nguyễn Văn C",
  "total": 176000,
  "token": "X0Yxqh3M9YO5s8t9qYiTo0x0yG9zxGU5",
  "date": {
    "$date": "2021-05-28T04:06:11.229Z"
  },
  "__v": 0
},{
  "_id": {
    "$oid": "60b06cb16849ea33fcc4135b"
  },
  "issend": "1",
  "id_user": "60b0555e4e7f6b06408edb98",
  "products": [
    {
      "release_date": {
        "$date": "2021-05-26T00:00:00Z"
      },
      "describe": "miue tả nè",
      "_id": "60afc0eb3f319427446004be",
      "id_category": "60abb59e3be8d82674051ca4",
      "name": "Nếu Một Ngày Cậu Rời Xa",
      "price": 200000,
      "img": "https://res.cloudinary.com/ilike/image/upload/v1622130924/ig2iet6x1wlqw8fkzx9u.jpg",
      "id_nsx": "60abb5b53be8d82674051ca8",
      "count": 3
    }
  ],
  "address": "Hà Nội Việt Nam",
  "phone": "01234567891",
  "name": "Nguyễn Văn KH",
  "total": 600000,
  "token": "s43gijz71Wgdeb9GJSKQOMEL5785bIIw",
  "date": {
    "$date": "2021-05-28T04:08:17.847Z"
  },
  "__v": 0
},{
  "_id": {
    "$oid": "60b06f33a211480d3cd3b525"
  },
  "issend": "1",
  "id_user": "60b0555e4e7f6b06408edb98",
  "products": [
    {
      "release_date": {
        "$date": "2021-05-24T00:00:00Z"
      },
      "describe": "mieu ta ne",
      "_id": "60abb72c33f9b833f8fdb07b",
      "id_category": "60abb5933be8d82674051ca3",
      "name": "Thiên Quan Tứ Chúc",
      "price": 20000,
      "img": "https://res.cloudinary.com/ilike/image/upload/v1622129913/pxpnfrosnpneoomm9gft.jpg",
      "id_nsx": "60abb5b13be8d82674051ca7",
      "count": 3
    }
  ],
  "address": "Hà Nội Việt Nam",
  "phone": "01234567890",
  "name": "Nguyễn Văn A",
  "total": 60000,
  "token": "VFRHHYS67W5r31p2dbv4TRl6tJLqefvT",
  "date": {
    "$date": "2021-05-28T04:18:59.814Z"
  },
  "__v": 0
},{
  "_id": {
    "$oid": "60b5167400acf22708a6be14"
  },
  "issend": "1",
  "id_user": "60b515af00acf22708a6be11",
  "products": [
    {
      "release_date": {
        "$date": "2021-05-27T00:00:00Z"
      },
      "describe": "mieu ta nè",
      "_id": "60afbf783f319427446004ba",
      "id_category": "60abb5933be8d82674051ca3",
      "name": "Lấy Nước Đường Xa",
      "price": 25000,
      "img": "https://res.cloudinary.com/ilike/image/upload/v1622130554/cf7iv1zdiho7tyeszvnh.jpg",
      "id_nsx": "60abb5b13be8d82674051ca7",
      "count": 2
    }
  ],
  "address": "Hà Nội Việt Nam",
  "phone": "01234567891",
  "name": "Nguyễn Văn A",
  "total": 50000,
  "token": "NO4qTSKxx7WmJ9pp9KBGNp3X1THC6gDC",
  "date": {
    "$date": "2021-05-31T17:01:40.255Z"
  },
  "__v": 0
}]