[{
  "_id": {
    "$oid": "60abbf7a33f9b833f8fdb07d"
  },
  "id_user": null,
  "date": {
    "$date": "2021-05-24T14:24:05.613Z"
  },
  "id_book": "60abb72c33f9b833f8fdb07b",
  "name": "Lô Khánh Hòa",
  "comment": "halu",
  "__v": 0
},{
  "_id": {
    "$oid": "60abc975a8f50d240844db03"
  },
  "id_user": "60abb48b3be8d82674051ca2",
  "date": {
    "$date": "2021-05-24T15:37:59.590Z"
  },
  "id_book": "60abc5c97661e430b0191103",
  "name": "khanh hoa",
  "comment": "halu",
  "__v": 0
},{
  "_id": {
    "$oid": "60ac8443a051f02f7c211ce2"
  },
  "id_user": "60abb48b3be8d82674051ca2",
  "date": {
    "$date": "2021-05-25T02:19:41.180Z"
  },
  "id_book": "60abb72c33f9b833f8fdb07b",
  "name": "khanh hoa",
  "comment": "halu",
  "__v": 0
},{
  "_id": {
    "$oid": "60ac8494a051f02f7c211ce3"
  },
  "id_user": "60abb48b3be8d82674051ca2",
  "date": {
    "$date": "2021-05-25T02:19:41.180Z"
  },
  "id_book": "60abb72c33f9b833f8fdb07b",
  "name": "khanh hoa",
  "comment": "ádsad\n",
  "__v": 0
},{
  "_id": {
    "$oid": "60ac8495a051f02f7c211ce4"
  },
  "id_user": "60abb48b3be8d82674051ca2",
  "date": {
    "$date": "2021-05-25T02:19:41.180Z"
  },
  "id_book": "60abb72c33f9b833f8fdb07b",
  "name": "khanh hoa",
  "comment": "ádsda",
  "__v": 0
},{
  "_id": {
    "$oid": "60ac8497a051f02f7c211ce5"
  },
  "id_user": "60abb48b3be8d82674051ca2",
  "date": {
    "$date": "2021-05-25T02:19:41.180Z"
  },
  "id_book": "60abb72c33f9b833f8fdb07b",
  "name": "khanh hoa",
  "comment": "ádsad",
  "__v": 0
},{
  "_id": {
    "$oid": "60ac8498a051f02f7c211ce6"
  },
  "id_user": "60abb48b3be8d82674051ca2",
  "date": {
    "$date": "2021-05-25T02:19:41.180Z"
  },
  "id_book": "60abb72c33f9b833f8fdb07b",
  "name": "khanh hoa",
  "comment": "adssda",
  "__v": 0
},{
  "_id": {
    "$oid": "60ac849aa051f02f7c211ce7"
  },
  "id_user": "60abb48b3be8d82674051ca2",
  "date": {
    "$date": "2021-05-25T02:19:41.180Z"
  },
  "id_book": "60abb72c33f9b833f8fdb07b",
  "name": "khanh hoa",
  "comment": "ádasd",
  "__v": 0
},{
  "_id": {
    "$oid": "60ac849ba051f02f7c211ce8"
  },
  "id_user": "60abb48b3be8d82674051ca2",
  "date": {
    "$date": "2021-05-25T02:19:41.180Z"
  },
  "id_book": "60abb72c33f9b833f8fdb07b",
  "name": "khanh hoa",
  "comment": "ádasd",
  "__v": 0
},{
  "_id": {
    "$oid": "60ac849fa051f02f7c211ce9"
  },
  "id_user": "60abb48b3be8d82674051ca2",
  "date": {
    "$date": "2021-05-25T02:19:41.180Z"
  },
  "id_book": "60abb72c33f9b833f8fdb07b",
  "name": "khanh hoa",
  "comment": "ádas",
  "__v": 0
},{
  "_id": {
    "$oid": "60ac84a0a051f02f7c211cea"
  },
  "id_user": "60abb48b3be8d82674051ca2",
  "date": {
    "$date": "2021-05-25T02:19:41.180Z"
  },
  "id_book": "60abb72c33f9b833f8fdb07b",
  "name": "khanh hoa",
  "comment": "sadasd",
  "__v": 0
},{
  "_id": {
    "$oid": "60accaab76f2a61d20cb5012"
  },
  "id_user": "60abb48b3be8d82674051ca2",
  "date": {
    "$date": "2021-05-25T07:20:20.188Z"
  },
  "id_book": "60abb72c33f9b833f8fdb07b",
  "name": "khanh hoa",
  "comment": "ádasd",
  "__v": 0
},{
  "_id": {
    "$oid": "60accaad76f2a61d20cb5013"
  },
  "id_user": "60abb48b3be8d82674051ca2",
  "date": {
    "$date": "2021-05-25T07:20:20.188Z"
  },
  "id_book": "60abb72c33f9b833f8fdb07b",
  "name": "khanh hoa",
  "comment": "ádasd",
  "__v": 0
},{
  "_id": {
    "$oid": "60afd4e5f23af73ab07df67f"
  },
  "id_user": "60afbb5c6e9c202868e230c0",
  "date": {
    "$date": "2021-05-27T17:13:44.192Z"
  },
  "id_book": "60afbf783f319427446004ba",
  "name": "test2",
  "comment": "halu",
  "__v": 0
},{
  "_id": {
    "$oid": "60afd4ecf23af73ab07df680"
  },
  "id_user": "60afbb5c6e9c202868e230c0",
  "date": {
    "$date": "2021-05-27T17:13:44.192Z"
  },
  "id_book": "60afbf783f319427446004ba",
  "name": "test2",
  "comment": "sach hay",
  "__v": 0
},{
  "_id": {
    "$oid": "60b5165a00acf22708a6be13"
  },
  "id_user": "60b515af00acf22708a6be11",
  "date": {
    "$date": "2021-05-31T16:46:50.048Z"
  },
  "id_book": "60afbf783f319427446004ba",
  "name": "Nguyễn",
  "comment": "comment",
  "__v": 0
}]